Index,Title,Company,Deadline,Apply
,,,,
,,,,
,,,"
Expires in 7 days
",https://untalent.org/jobs/assistant-e-technique-pour-le-projet-prevention-des-crises-par-la-promotion-du-secteur-de-la-culture-au-tchad/apply
,,,,https://untalent.org/jobs/assistant-manager-finance-des-partenaires/apply
,,,,/link/d9d5147c-c4ee-11ed-9be0-06ac91f24606
,,,,https://untalent.org/jobs/finance-manager-53/apply
,,,"
Expires in 10 days
",https://untalent.org/jobs/specialiste-national-e-charge-e-de-communication-du-secretariat-pbf/apply
,,,"
Expires in 9 days
",https://untalent.org/jobs/assistant-e-aux-ressources-humaines-gestion-des-talents-sc5-ndjamena-tchad/apply
,,,"
Expires in 9 days
",https://untalent.org/jobs/assistant-e-aux-ressources-humaines-operations-sc5-ndjamena-tchad/apply
,,,,https://untalent.org/jobs/it-officer-32/apply
,,,"
Expires in 5 days
",https://untalent.org/jobs/social-behavior-change-specialist-community-approach-p3-ft-126621-ndjamena-tchad/apply
,,,"
Expires in 2 days
",https://untalent.org/jobs/assistant-e-au-programme-m-e-contrat-de-service-5-amdjarass-guereda-chad/apply
,,,,/link/d9d5147c-c4ee-11ed-9be0-06ac91f24606
,,,"
Expires in 2 days
",https://untalent.org/jobs/assistant-e-au-programme-urgence-sc5-ndjamena-chad/apply
,,,"
Expires in 2 days
",https://untalent.org/jobs/agent-e-de-suivi-sc4-guereda-tchad/apply
,,,"
Expires in 2 days
",https://untalent.org/jobs/assistant-e-aux-operations-programme-sc4-amdjarass-tchad/apply
,,,"
Expires in 2 days
",https://untalent.org/jobs/international-junior-consultant-emergency-officer-ndjamena-chad/apply
,,,,https://untalent.org/jobs/medecin-referent-superviseur/apply
,,,,https://untalent.org/jobs/procurement-officer-229/apply
,,,,https://untalent.org/jobs/assistant-fleet-manager/apply
,,,,https://untalent.org/jobs/un-e-responsable-de-departement-securite-alimentaire-et-moyens-dexistence-1/apply
,,,,https://untalent.org/jobs/un-e-responsable-de-departement-sante-mentale-et-soutien-psychosocial/apply
,,,,/link/d9d5147c-c4ee-11ed-9be0-06ac91f24606
,,,,https://untalent.org/jobs/project-director-srf/apply
,,,,https://untalent.org/jobs/un-e-responsable-de-programme-nutrition-sante/apply
,,,,https://untalent.org/jobs/un-e-referent-e-regional-securite-alimentaire-et-moyens-dexistence-resilac/apply
,,,,https://untalent.org/jobs/un-e-coordinateur-rice-plaidoyer-regional-resilac/apply
,,,,https://untalent.org/jobs/east-emergency-coordinator/apply
,,,,https://untalent.org/jobs/humanitarian-access-security-coordinator/apply
,,,,
,,,"
Expired
",https://untalent.org/jobs/agent-e-de-suivi-ssa4-farchana-amdjarass-gozbeida-guereda-tchad/apply
,,,"
Expired
",https://untalent.org/jobs/agent-de-suivi-contrat-de-service-5-2positions-mao-moussoro-1/apply
,,,"
Expired
",https://untalent.org/jobs/stagiaire-en-administration-et-gestion-de-projet/apply
,,,,/link/d9d5147c-c4ee-11ed-9be0-06ac91f24606
,,,"
Expired
",https://untalent.org/jobs/international-consultancy-support-for-proposal-development-for-4-months-over-a-6-month-period-ndjamena/apply
,,,"
Expired
",https://untalent.org/jobs/associe-e-au-programme-resilience-ffa-g6-abeche-amdjarass-bagasola-1/apply
,,,"
Expired
",https://untalent.org/jobs/agent-e-de-suivi-urgence-sc4-ndjamena/apply
,,,,
